--
-- PostgreSQL database dump
--

-- Dumped from database version 12.17 (Ubuntu 12.17-1.pgdg22.04+1)
-- Dumped by pg_dump version 12.17 (Ubuntu 12.17-1.pgdg22.04+1)

SET statement_timeout = 0;
SET lock_timeout = 0;
SET idle_in_transaction_session_timeout = 0;
SET client_encoding = 'UTF8';
SET standard_conforming_strings = on;
SELECT pg_catalog.set_config('search_path', '', false);
SET check_function_bodies = false;
SET xmloption = content;
SET client_min_messages = warning;
SET row_security = off;

DROP DATABASE universe;
--
-- Name: universe; Type: DATABASE; Schema: -; Owner: freecodecamp
--

CREATE DATABASE universe WITH TEMPLATE = template0 ENCODING = 'UTF8' LC_COLLATE = 'C.UTF-8' LC_CTYPE = 'C.UTF-8';


ALTER DATABASE universe OWNER TO freecodecamp;

\connect universe

SET statement_timeout = 0;
SET lock_timeout = 0;
SET idle_in_transaction_session_timeout = 0;
SET client_encoding = 'UTF8';
SET standard_conforming_strings = on;
SELECT pg_catalog.set_config('search_path', '', false);
SET check_function_bodies = false;
SET xmloption = content;
SET client_min_messages = warning;
SET row_security = off;

SET default_tablespace = '';

SET default_table_access_method = heap;

--
-- Name: alien; Type: TABLE; Schema: public; Owner: freecodecamp
--

CREATE TABLE public.alien (
    alien_id integer NOT NULL,
    name character varying(255) NOT NULL,
    age integer,
    has_contact boolean
);


ALTER TABLE public.alien OWNER TO freecodecamp;

--
-- Name: alien_alien_id_seq; Type: SEQUENCE; Schema: public; Owner: freecodecamp
--

CREATE SEQUENCE public.alien_alien_id_seq
    AS integer
    START WITH 1
    INCREMENT BY 1
    NO MINVALUE
    NO MAXVALUE
    CACHE 1;


ALTER TABLE public.alien_alien_id_seq OWNER TO freecodecamp;

--
-- Name: alien_alien_id_seq; Type: SEQUENCE OWNED BY; Schema: public; Owner: freecodecamp
--

ALTER SEQUENCE public.alien_alien_id_seq OWNED BY public.alien.alien_id;


--
-- Name: galaxy; Type: TABLE; Schema: public; Owner: freecodecamp
--

CREATE TABLE public.galaxy (
    galaxy_id integer NOT NULL,
    name character varying(255) NOT NULL,
    description text,
    age_in_millions_of_years integer NOT NULL,
    has_life boolean,
    is_spherical boolean
);


ALTER TABLE public.galaxy OWNER TO freecodecamp;

--
-- Name: galaxy_galaxy_id_seq; Type: SEQUENCE; Schema: public; Owner: freecodecamp
--

CREATE SEQUENCE public.galaxy_galaxy_id_seq
    AS integer
    START WITH 1
    INCREMENT BY 1
    NO MINVALUE
    NO MAXVALUE
    CACHE 1;


ALTER TABLE public.galaxy_galaxy_id_seq OWNER TO freecodecamp;

--
-- Name: galaxy_galaxy_id_seq; Type: SEQUENCE OWNED BY; Schema: public; Owner: freecodecamp
--

ALTER SEQUENCE public.galaxy_galaxy_id_seq OWNED BY public.galaxy.galaxy_id;


--
-- Name: moon; Type: TABLE; Schema: public; Owner: freecodecamp
--

CREATE TABLE public.moon (
    moon_id integer NOT NULL,
    name character varying(255) NOT NULL,
    planet_id integer NOT NULL,
    size numeric,
    has_water boolean
);


ALTER TABLE public.moon OWNER TO freecodecamp;

--
-- Name: moon_moon_id_seq; Type: SEQUENCE; Schema: public; Owner: freecodecamp
--

CREATE SEQUENCE public.moon_moon_id_seq
    AS integer
    START WITH 1
    INCREMENT BY 1
    NO MINVALUE
    NO MAXVALUE
    CACHE 1;


ALTER TABLE public.moon_moon_id_seq OWNER TO freecodecamp;

--
-- Name: moon_moon_id_seq; Type: SEQUENCE OWNED BY; Schema: public; Owner: freecodecamp
--

ALTER SEQUENCE public.moon_moon_id_seq OWNED BY public.moon.moon_id;


--
-- Name: planet; Type: TABLE; Schema: public; Owner: freecodecamp
--

CREATE TABLE public.planet (
    planet_id integer NOT NULL,
    name character varying(255) NOT NULL,
    star_id integer NOT NULL,
    distance_from_earth integer NOT NULL,
    has_life boolean
);


ALTER TABLE public.planet OWNER TO freecodecamp;

--
-- Name: planet_planet_id_seq; Type: SEQUENCE; Schema: public; Owner: freecodecamp
--

CREATE SEQUENCE public.planet_planet_id_seq
    AS integer
    START WITH 1
    INCREMENT BY 1
    NO MINVALUE
    NO MAXVALUE
    CACHE 1;


ALTER TABLE public.planet_planet_id_seq OWNER TO freecodecamp;

--
-- Name: planet_planet_id_seq; Type: SEQUENCE OWNED BY; Schema: public; Owner: freecodecamp
--

ALTER SEQUENCE public.planet_planet_id_seq OWNED BY public.planet.planet_id;


--
-- Name: star; Type: TABLE; Schema: public; Owner: freecodecamp
--

CREATE TABLE public.star (
    star_id integer NOT NULL,
    name character varying(255) NOT NULL,
    galaxy_id integer NOT NULL,
    mass numeric,
    is_habitable boolean
);


ALTER TABLE public.star OWNER TO freecodecamp;

--
-- Name: star_star_id_seq; Type: SEQUENCE; Schema: public; Owner: freecodecamp
--

CREATE SEQUENCE public.star_star_id_seq
    AS integer
    START WITH 1
    INCREMENT BY 1
    NO MINVALUE
    NO MAXVALUE
    CACHE 1;


ALTER TABLE public.star_star_id_seq OWNER TO freecodecamp;

--
-- Name: star_star_id_seq; Type: SEQUENCE OWNED BY; Schema: public; Owner: freecodecamp
--

ALTER SEQUENCE public.star_star_id_seq OWNED BY public.star.star_id;


--
-- Name: alien alien_id; Type: DEFAULT; Schema: public; Owner: freecodecamp
--

ALTER TABLE ONLY public.alien ALTER COLUMN alien_id SET DEFAULT nextval('public.alien_alien_id_seq'::regclass);


--
-- Name: galaxy galaxy_id; Type: DEFAULT; Schema: public; Owner: freecodecamp
--

ALTER TABLE ONLY public.galaxy ALTER COLUMN galaxy_id SET DEFAULT nextval('public.galaxy_galaxy_id_seq'::regclass);


--
-- Name: moon moon_id; Type: DEFAULT; Schema: public; Owner: freecodecamp
--

ALTER TABLE ONLY public.moon ALTER COLUMN moon_id SET DEFAULT nextval('public.moon_moon_id_seq'::regclass);


--
-- Name: planet planet_id; Type: DEFAULT; Schema: public; Owner: freecodecamp
--

ALTER TABLE ONLY public.planet ALTER COLUMN planet_id SET DEFAULT nextval('public.planet_planet_id_seq'::regclass);


--
-- Name: star star_id; Type: DEFAULT; Schema: public; Owner: freecodecamp
--

ALTER TABLE ONLY public.star ALTER COLUMN star_id SET DEFAULT nextval('public.star_star_id_seq'::regclass);


--
-- Data for Name: alien; Type: TABLE DATA; Schema: public; Owner: freecodecamp
--

INSERT INTO public.alien VALUES (1, 'Zorg', 300, true);
INSERT INTO public.alien VALUES (2, 'Xanthe', 120, false);
INSERT INTO public.alien VALUES (3, 'Glox', 600, true);


--
-- Data for Name: galaxy; Type: TABLE DATA; Schema: public; Owner: freecodecamp
--

INSERT INTO public.galaxy VALUES (1, 'Milky Way', 'A spiral galaxy containing our solar system.', 13000, true, true);
INSERT INTO public.galaxy VALUES (2, 'Andromeda', 'A large spiral galaxy closest to the Milky Way.', 10000, false, true);
INSERT INTO public.galaxy VALUES (3, 'Triangulum', 'A small spiral galaxy near the Andromeda Galaxy.', 12000, false, true);
INSERT INTO public.galaxy VALUES (4, 'Whirlpool', 'A spiral galaxy with a strong central bulge.', 8000, false, true);
INSERT INTO public.galaxy VALUES (5, 'Sombrero', 'A spiral galaxy located in the Virgo Cluster.', 11000, false, true);
INSERT INTO public.galaxy VALUES (6, 'Messier 87', 'An elliptical galaxy in the Virgo Cluster.', 13000, false, false);


--
-- Data for Name: moon; Type: TABLE DATA; Schema: public; Owner: freecodecamp
--

INSERT INTO public.moon VALUES (1, 'Luna', 1, 3474.8, true);
INSERT INTO public.moon VALUES (2, 'Phobos', 2, 22.2, false);
INSERT INTO public.moon VALUES (3, 'Deimos', 2, 12.4, false);
INSERT INTO public.moon VALUES (4, 'Titan', 6, 5150, true);
INSERT INTO public.moon VALUES (5, 'Europa', 6, 3121.6, true);
INSERT INTO public.moon VALUES (6, 'Io', 6, 3643.2, false);
INSERT INTO public.moon VALUES (7, 'Callisto', 6, 4821, false);
INSERT INTO public.moon VALUES (8, 'Ganymede', 6, 5268, false);
INSERT INTO public.moon VALUES (9, 'Mimas', 6, 396.2, false);
INSERT INTO public.moon VALUES (10, 'Enceladus', 6, 504.2, true);
INSERT INTO public.moon VALUES (11, 'Triton', 6, 2706, false);
INSERT INTO public.moon VALUES (12, 'Charon', 12, 1212, false);
INSERT INTO public.moon VALUES (13, 'Ariel', 9, 1158.8, true);
INSERT INTO public.moon VALUES (14, 'Miranda', 9, 471.6, false);
INSERT INTO public.moon VALUES (15, 'Umbriel', 9, 1172, false);
INSERT INTO public.moon VALUES (16, 'Titania', 9, 1577, true);
INSERT INTO public.moon VALUES (17, 'Oberon', 9, 1523, true);
INSERT INTO public.moon VALUES (18, 'Hyperion', 6, 270.5, false);
INSERT INTO public.moon VALUES (19, 'Phoebe', 6, 213.2, false);
INSERT INTO public.moon VALUES (20, 'Gaho', 6, 2324.3, true);


--
-- Data for Name: planet; Type: TABLE DATA; Schema: public; Owner: freecodecamp
--

INSERT INTO public.planet VALUES (1, 'Earth', 1, 0, true);
INSERT INTO public.planet VALUES (2, 'Mars', 1, 225, false);
INSERT INTO public.planet VALUES (3, 'Venus', 1, 42, false);
INSERT INTO public.planet VALUES (4, 'Proxima b', 3, 4, true);
INSERT INTO public.planet VALUES (5, 'Jupiter', 6, 484, false);
INSERT INTO public.planet VALUES (6, 'Saturn', 6, 891, false);
INSERT INTO public.planet VALUES (7, 'Neptune', 6, 4320, false);
INSERT INTO public.planet VALUES (8, 'Uranus', 6, 2880, false);
INSERT INTO public.planet VALUES (9, 'Mercury', 1, 58, false);
INSERT INTO public.planet VALUES (10, 'Pluto', 1, 5900, false);
INSERT INTO public.planet VALUES (11, 'Titan', 6, 890, false);
INSERT INTO public.planet VALUES (12, 'Europa', 6, 400, false);


--
-- Data for Name: star; Type: TABLE DATA; Schema: public; Owner: freecodecamp
--

INSERT INTO public.star VALUES (1, 'Sun', 1, 1989000000000000000000000000000, true);
INSERT INTO public.star VALUES (2, 'Alpha Centauri A', 2, 2188000000000000000000000000000, false);
INSERT INTO public.star VALUES (3, 'Proxima Centauri', 2, 1000000000000000000000000000000, true);
INSERT INTO public.star VALUES (4, 'Sirius A', 3, 2100000000000000000000000000000, false);
INSERT INTO public.star VALUES (5, 'Betelgeuse', 4, 15000000000000000000000000000000, false);
INSERT INTO public.star VALUES (6, 'Rigel', 5, 27000000000000000000000000000000, false);


--
-- Name: alien_alien_id_seq; Type: SEQUENCE SET; Schema: public; Owner: freecodecamp
--

SELECT pg_catalog.setval('public.alien_alien_id_seq', 3, true);


--
-- Name: galaxy_galaxy_id_seq; Type: SEQUENCE SET; Schema: public; Owner: freecodecamp
--

SELECT pg_catalog.setval('public.galaxy_galaxy_id_seq', 6, true);


--
-- Name: moon_moon_id_seq; Type: SEQUENCE SET; Schema: public; Owner: freecodecamp
--

SELECT pg_catalog.setval('public.moon_moon_id_seq', 20, true);


--
-- Name: planet_planet_id_seq; Type: SEQUENCE SET; Schema: public; Owner: freecodecamp
--

SELECT pg_catalog.setval('public.planet_planet_id_seq', 12, true);


--
-- Name: star_star_id_seq; Type: SEQUENCE SET; Schema: public; Owner: freecodecamp
--

SELECT pg_catalog.setval('public.star_star_id_seq', 6, true);


--
-- Name: alien alien_name_key; Type: CONSTRAINT; Schema: public; Owner: freecodecamp
--

ALTER TABLE ONLY public.alien
    ADD CONSTRAINT alien_name_key UNIQUE (name);


--
-- Name: alien alien_pkey; Type: CONSTRAINT; Schema: public; Owner: freecodecamp
--

ALTER TABLE ONLY public.alien
    ADD CONSTRAINT alien_pkey PRIMARY KEY (alien_id);


--
-- Name: galaxy galaxy_name_key; Type: CONSTRAINT; Schema: public; Owner: freecodecamp
--

ALTER TABLE ONLY public.galaxy
    ADD CONSTRAINT galaxy_name_key UNIQUE (name);


--
-- Name: galaxy galaxy_pkey; Type: CONSTRAINT; Schema: public; Owner: freecodecamp
--

ALTER TABLE ONLY public.galaxy
    ADD CONSTRAINT galaxy_pkey PRIMARY KEY (galaxy_id);


--
-- Name: moon moon_name_key; Type: CONSTRAINT; Schema: public; Owner: freecodecamp
--

ALTER TABLE ONLY public.moon
    ADD CONSTRAINT moon_name_key UNIQUE (name);


--
-- Name: moon moon_pkey; Type: CONSTRAINT; Schema: public; Owner: freecodecamp
--

ALTER TABLE ONLY public.moon
    ADD CONSTRAINT moon_pkey PRIMARY KEY (moon_id);


--
-- Name: planet planet_name_key; Type: CONSTRAINT; Schema: public; Owner: freecodecamp
--

ALTER TABLE ONLY public.planet
    ADD CONSTRAINT planet_name_key UNIQUE (name);


--
-- Name: planet planet_pkey; Type: CONSTRAINT; Schema: public; Owner: freecodecamp
--

ALTER TABLE ONLY public.planet
    ADD CONSTRAINT planet_pkey PRIMARY KEY (planet_id);


--
-- Name: star star_name_key; Type: CONSTRAINT; Schema: public; Owner: freecodecamp
--

ALTER TABLE ONLY public.star
    ADD CONSTRAINT star_name_key UNIQUE (name);


--
-- Name: star star_pkey; Type: CONSTRAINT; Schema: public; Owner: freecodecamp
--

ALTER TABLE ONLY public.star
    ADD CONSTRAINT star_pkey PRIMARY KEY (star_id);


--
-- Name: moon moon_planet_id_fkey; Type: FK CONSTRAINT; Schema: public; Owner: freecodecamp
--

ALTER TABLE ONLY public.moon
    ADD CONSTRAINT moon_planet_id_fkey FOREIGN KEY (planet_id) REFERENCES public.planet(planet_id);


--
-- Name: planet planet_star_id_fkey; Type: FK CONSTRAINT; Schema: public; Owner: freecodecamp
--

ALTER TABLE ONLY public.planet
    ADD CONSTRAINT planet_star_id_fkey FOREIGN KEY (star_id) REFERENCES public.star(star_id);


--
-- Name: star star_galaxy_id_fkey; Type: FK CONSTRAINT; Schema: public; Owner: freecodecamp
--

ALTER TABLE ONLY public.star
    ADD CONSTRAINT star_galaxy_id_fkey FOREIGN KEY (galaxy_id) REFERENCES public.galaxy(galaxy_id);


--
-- PostgreSQL database dump complete
--

